id,label
0,4
1,3
2,0
3,6
4,3
5,6
6,4
7,2
8,5
9,2
10,3
11,0
12,2
13,5
14,6
15,2
16,5
17,5
18,5
19,6
20,4
21,5
22,0
23,4
24,0
25,6
26,4
27,6
28,5
29,5
30,3
31,6
32,3
33,6
34,4
35,6
36,6
37,2
38,6
39,3
40,0
41,4
42,3
43,6
44,6
45,6
46,5
47,3
48,5
49,6
50,0
51,6
52,5
53,4
54,4
55,3
56,2
57,2
58,5
59,3
60,6
61,3
62,4
63,5
64,5
65,3
66,5
67,1
68,6
69,6
70,0
71,5
72,4
73,3
74,2
75,6
76,5
77,6
78,6
79,2
80,0
81,0
82,0
83,6
84,5
85,2
86,3
87,3
88,5
89,3
90,6
91,2
92,3
93,2
94,0
95,0
96,2
97,3
98,3
99,0
100,3
101,6
102,0
103,3
104,2
105,5
106,2
107,6
108,5
109,3
110,3
111,0
112,0
113,6
114,3
115,2
116,3
117,6
118,2
119,6
120,5
121,0
122,6
123,2
124,4
125,3
126,3
127,6
128,5
129,5
130,2
131,4
132,2
133,6
134,3
135,5
136,5
137,3
138,6
139,6
140,6
141,3
142,0
143,3
144,2
145,4
146,3
147,3
148,3
149,2
150,0
151,0
152,5
153,3
154,5
155,5
156,4
157,5
158,0
159,3
160,0
161,3
162,3
163,3
164,6
165,6
166,6
167,0
168,5
169,3
170,6
171,4
172,5
173,2
174,4
175,4
176,4
177,2
178,6
179,5
180,6
181,3
182,2
183,3
184,3
185,4
186,4
187,3
188,3
189,3
190,4
191,6
192,5
193,5
194,3
195,4
196,5
197,6
198,0
199,0
200,6
201,3
202,3
203,3
204,3
205,5
206,4
207,4
208,4
209,6
210,6
211,0
212,0
213,4
214,0
215,5
216,5
217,4
218,4
219,3
220,3
221,4
222,5
223,6
224,0
225,3
226,5
227,2
228,0
229,3
230,3
231,6
232,5
233,6
234,0
235,4
236,6
237,4
238,0
239,6
240,3
241,4
242,6
243,0
244,1
245,2
246,3
247,3
248,0
249,0
250,4
251,4
252,4
253,3
254,3
255,6
256,5
257,4
258,2
259,6
260,4
261,6
262,2
263,6
264,2
265,0
266,2
267,3
268,3
269,4
270,6
271,6
272,5
273,0
274,5
275,3
276,2
277,5
278,0
279,6
280,3
281,5
282,6
283,2
284,0
285,4
286,0
287,0
288,6
289,6
290,6
291,3
292,6
293,3
294,3
295,3
296,2
297,6
298,6
299,3
300,4
301,4
302,3
303,3
304,0
305,3
306,5
307,3
308,3
309,3
310,3
311,3
312,4
313,6
314,0
315,4
316,4
317,2
318,2
319,3
320,4
321,5
322,3
323,6
324,0
325,2
326,2
327,3
328,3
329,2
330,3
331,6
332,0
333,3
334,2
335,3
336,2
337,6
338,0
339,4
340,4
341,5
342,3
343,4
344,5
345,4
346,3
347,3
348,2
349,0
350,2
351,0
352,6
353,3
354,3
355,4
356,3
357,0
358,3
359,2
360,6
361,5
362,0
363,6
364,5
365,3
366,3
367,3
368,2
369,0
370,2
371,6
372,4
373,4
374,4
375,2
376,0
377,5
378,0
379,4
380,6
381,5
382,3
383,3
384,0
385,6
386,3
387,5
388,6
389,6
390,2
391,6
392,3
393,2
394,2
395,5
396,4
397,2
398,6
399,0
400,0
401,5
402,3
403,6
404,2
405,6
406,5
407,5
408,5
409,5
410,0
411,5
412,2
413,3
414,3
415,6
416,4
417,0
418,5
419,4
420,6
421,3
422,2
423,0
424,5
425,0
426,2
427,3
428,3
429,4
430,2
431,4
432,2
433,6
434,6
435,0
436,6
437,2
438,3
439,6
440,4
441,0
442,6
443,4
444,4
445,4
446,0
447,3
448,2
449,1
450,0
451,3
452,4
453,4
454,4
455,5
456,4
457,4
458,0
459,6
460,5
461,5
462,2
463,3
464,6
465,0
466,2
467,3
468,3
469,2
470,3
471,5
472,2
473,4
474,6
475,4
476,3
477,6
478,6
479,4
480,0
481,6
482,6
483,4
484,0
485,2
486,6
487,5
488,3
489,6
490,3
491,4
492,3
493,2
494,4
495,4
496,5
497,2
498,4
499,5
500,6
501,2
502,3
503,5
504,6
505,6
506,2
507,6
508,6
509,2
510,2
511,3
512,0
513,5
514,6
515,3
516,5
517,4
518,3
519,4
520,3
521,6
522,4
523,6
524,3
525,3
526,3
527,5
528,0
529,0
530,0
531,3
532,5
533,5
534,2
535,6
536,6
537,6
538,5
539,2
540,6
541,6
542,6
543,6
544,5
545,2
546,6
547,6
548,3
549,3
550,4
551,2
552,0
553,4
554,0
555,6
556,0
557,4
558,6
559,4
560,1
561,0
562,5
563,0
564,2
565,5
566,0
567,5
568,4
569,2
570,6
571,3
572,2
573,6
574,5
575,2
576,2
577,3
578,6
579,4
580,4
581,3
582,2
583,3
584,5
585,4
586,4
587,5
588,6
589,4
590,6
591,3
592,4
593,4
594,3
595,4
596,4
597,6
598,4
599,6
600,2
601,6
602,4
603,6
604,3
605,4
606,0
607,4
608,6
609,4
610,4
611,5
612,3
613,2
614,5
615,6
616,0
617,6
618,4
619,2
620,3
621,3
622,0
623,3
624,3
625,3
626,3
627,6
628,0
629,3
630,4
631,3
632,0
633,0
634,5
635,0
636,5
637,2
638,0
639,4
640,5
641,6
642,3
643,6
644,3
645,4
646,6
647,6
648,5
649,3
650,4
651,2
652,3
653,3
654,6
655,4
656,3
657,4
658,6
659,5
660,4
661,3
662,3
663,3
664,3
665,5
666,4
667,6
668,4
669,0
670,4
671,2
672,3
673,2
674,6
675,6
676,6
677,4
678,6
679,6
680,0
681,2
682,5
683,6
684,4
685,6
686,6
687,3
688,0
689,3
690,3
691,5
692,5
693,0
694,3
695,6
696,2
697,6
698,3
699,0
700,5
701,3
702,2
703,2
704,2
705,2
706,3
707,0
708,3
709,3
710,4
711,6
712,2
713,3
714,6
715,3
716,6
717,4
718,3
719,6
720,4
721,3
722,3
723,0
724,4
725,6
726,0
727,5
728,0
729,4
730,3
731,2
732,2
733,6
734,4
735,6
736,6
737,4
738,0
739,3
740,6
741,4
742,6
743,3
744,3
745,4
746,0
747,3
748,5
749,3
750,4
751,3
752,0
753,4
754,6
755,4
756,0
757,2
758,3
759,4
760,6
761,0
762,5
763,3
764,6
765,3
766,4
767,0
768,6
769,2
770,3
771,0
772,4
773,4
774,0
775,2
776,3
777,0
778,6
779,5
780,3
781,6
782,4
783,4
784,0
785,6
786,3
787,4
788,3
789,4
790,3
791,6
792,3
793,4
794,0
795,3
796,6
797,5
798,0
799,5
800,3
801,0
802,3
803,3
804,5
805,3
806,5
807,4
808,6
809,4
810,3
811,2
812,4
813,6
814,0
815,2
816,6
817,3
818,2
819,2
820,3
821,5
822,6
823,0
824,5
825,6
826,5
827,4
828,5
829,4
830,0
831,5
832,5
833,4
834,5
835,0
836,4
837,4
838,1
839,0
840,6
841,4
842,2
843,4
844,4
845,0
846,3
847,2
848,2
849,5
850,0
851,4
852,0
853,6
854,2
855,3
856,4
857,3
858,6
859,5
860,0
861,5
862,0
863,0
864,6
865,4
866,0
867,2
868,3
869,3
870,3
871,3
872,0
873,4
874,4
875,2
876,4
877,5
878,3
879,0
880,3
881,4
882,6
883,6
884,5
885,4
886,0
887,2
888,4
889,5
890,4
891,5
892,3
893,4
894,2
895,6
896,0
897,3
898,6
899,6
900,6
901,3
902,3
903,6
904,5
905,3
906,3
907,5
908,4
909,5
910,5
911,4
912,6
913,0
914,6
915,4
916,4
917,6
918,4
919,4
920,6
921,1
922,3
923,6
924,2
925,3
926,2
927,6
928,6
929,0
930,5
931,0
932,5
933,4
934,4
935,5
936,3
937,0
938,3
939,3
940,3
941,6
942,6
943,4
944,0
945,4
946,4
947,2
948,3
949,3
950,5
951,0
952,2
953,2
954,4
955,2
956,4
957,6
958,4
959,5
960,2
961,5
962,0
963,5
964,2
965,0
966,0
967,2
968,3
969,3
970,3
971,3
972,0
973,0
974,6
975,4
976,0
977,6
978,6
979,6
980,3
981,5
982,6
983,4
984,2
985,6
986,3
987,0
988,3
989,2
990,5
991,6
992,2
993,3
994,4
995,2
996,4
997,6
998,2
999,3
1000,2
1001,3
1002,6
1003,4
1004,2
1005,6
1006,0
1007,4
1008,3
1009,2
1010,0
1011,6
1012,6
1013,3
1014,4
1015,6
1016,0
1017,0
1018,3
1019,4
1020,6
1021,0
1022,6
1023,1
1024,4
1025,2
1026,4
1027,4
1028,2
1029,6
1030,6
1031,0
1032,3
1033,3
1034,0
1035,3
1036,3
1037,3
1038,5
1039,3
1040,6
1041,6
1042,3
1043,6
1044,3
1045,6
1046,3
1047,4
1048,4
1049,6
1050,3
1051,3
1052,4
1053,6
1054,5
1055,3
1056,4
1057,0
1058,3
1059,4
1060,3
1061,3
1062,3
1063,6
1064,3
1065,0
1066,3
1067,3
1068,2
1069,3
1070,4
1071,6
1072,6
1073,3
1074,6
1075,6
1076,2
1077,4
1078,2
1079,0
1080,3
1081,3
1082,5
1083,4
1084,6
1085,6
1086,3
1087,5
1088,5
1089,3
1090,0
1091,3
1092,3
1093,3
1094,6
1095,4
1096,3
1097,3
1098,0
1099,6
1100,6
1101,0
1102,3
1103,2
1104,6
1105,2
1106,0
1107,4
1108,1
1109,0
1110,0
1111,6
1112,3
1113,6
1114,5
1115,4
1116,4
1117,5
1118,0
1119,3
1120,5
1121,4
1122,3
1123,4
1124,5
1125,3
1126,2
1127,0
1128,3
1129,6
1130,2
1131,4
1132,4
1133,3
1134,6
1135,2
1136,5
1137,4
1138,3
1139,4
1140,5
1141,0
1142,5
1143,4
1144,6
1145,4
1146,0
1147,3
1148,6
1149,4
1150,6
1151,6
1152,0
1153,0
1154,5
1155,5
1156,3
1157,6
1158,3
1159,0
1160,4
1161,4
1162,6
1163,6
1164,0
1165,5
1166,0
1167,6
1168,6
1169,2
1170,4
1171,2
1172,3
1173,5
1174,3
1175,4
1176,6
1177,5
1178,0
1179,6
1180,3
1181,3
1182,4
1183,6
1184,6
1185,5
1186,3
1187,5
1188,4
1189,3
1190,4
1191,0
1192,6
1193,6
1194,3
1195,5
1196,2
1197,6
1198,3
1199,4
1200,2
1201,3
1202,4
1203,4
1204,6
1205,4
1206,3
1207,6
1208,0
1209,4
1210,3
1211,5
1212,6
1213,3
1214,5
1215,0
1216,4
1217,3
1218,5
1219,6
1220,6
1221,3
1222,5
1223,3
1224,0
1225,3
1226,4
1227,4
1228,3
1229,6
1230,6
1231,6
1232,4
1233,4
1234,6
1235,6
1236,5
1237,3
1238,6
1239,4
1240,5
1241,0
1242,1
1243,5
1244,6
1245,3
1246,5
1247,4
1248,5
1249,3
1250,3
1251,6
1252,3
1253,2
1254,0
1255,6
1256,3
1257,6
1258,3
1259,6
1260,6
1261,0
1262,0
1263,4
1264,4
1265,3
1266,3
1267,0
1268,4
1269,6
1270,3
1271,4
1272,3
1273,0
1274,4
1275,5
1276,6
1277,6
1278,3
1279,6
1280,5
1281,6
1282,3
1283,3
1284,2
1285,4
1286,3
1287,6
1288,5
1289,4
1290,3
1291,4
1292,4
1293,0
1294,3
1295,6
1296,5
1297,3
1298,3
1299,5
1300,2
1301,6
1302,3
1303,6
1304,2
1305,5
1306,3
1307,3
1308,6
1309,4
1310,6
1311,6
1312,2
1313,2
1314,6
1315,0
1316,2
1317,6
1318,2
1319,0
1320,2
1321,6
1322,3
1323,0
1324,6
1325,3
1326,4
1327,6
1328,5
1329,4
1330,6
1331,6
1332,6
1333,6
1334,2
1335,6
1336,6
1337,5
1338,0
1339,6
1340,3
1341,4
1342,6
1343,4
1344,4
1345,3
1346,3
1347,4
1348,3
1349,0
1350,2
1351,4
1352,3
1353,6
1354,6
1355,3
1356,6
1357,0
1358,5
1359,6
1360,4
1361,2
1362,5
1363,6
1364,5
1365,0
1366,2
1367,2
1368,2
1369,5
1370,3
1371,4
1372,5
1373,6
1374,3
1375,4
1376,4
1377,6
1378,5
1379,0
1380,3
1381,4
1382,3
1383,0
1384,2
1385,2
1386,3
1387,6
1388,3
1389,3
1390,3
1391,5
1392,3
1393,3
1394,6
1395,4
1396,4
1397,3
1398,3
1399,5
1400,3
1401,6
1402,3
1403,5
1404,6
1405,3
1406,4
1407,3
1408,6
1409,6
1410,3
1411,0
1412,4
1413,6
1414,6
1415,6
1416,6
1417,4
1418,3
1419,6
1420,5
1421,6
1422,3
1423,0
1424,5
1425,4
1426,3
1427,4
1428,6
1429,3
1430,3
1431,2
1432,4
1433,5
1434,4
1435,6
1436,2
1437,2
1438,3
1439,6
1440,0
1441,4
1442,2
1443,5
1444,3
1445,6
1446,3
1447,5
1448,6
1449,4
1450,6
1451,6
1452,6
1453,6
1454,2
1455,3
1456,4
1457,3
1458,6
1459,3
1460,6
1461,4
1462,0
1463,3
1464,2
1465,5
1466,3
1467,3
1468,5
1469,3
1470,4
1471,6
1472,4
1473,3
1474,4
1475,2
1476,3
1477,4
1478,3
1479,3
1480,6
1481,5
1482,2
1483,5
1484,3
1485,6
1486,6
1487,6
1488,0
1489,4
1490,6
1491,4
1492,3
1493,3
1494,6
1495,5
1496,2
1497,6
1498,2
1499,6
1500,5
1501,6
1502,6
1503,6
1504,2
1505,6
1506,6
1507,3
1508,3
1509,6
1510,0
1511,4
1512,3
1513,2
1514,6
1515,4
1516,5
1517,3
1518,0
1519,3
1520,6
1521,0
1522,4
1523,5
1524,6
1525,6
1526,5
1527,2
1528,2
1529,4
1530,5
1531,0
1532,3
1533,3
1534,5
1535,2
1536,3
1537,6
1538,4
1539,3
1540,3
1541,2
1542,5
1543,0
1544,4
1545,4
1546,6
1547,3
1548,6
1549,4
1550,0
1551,6
1552,3
1553,0
1554,2
1555,3
1556,4
1557,6
1558,3
1559,0
1560,4
1561,4
1562,6
1563,3
1564,4
1565,3
1566,6
1567,4
1568,6
1569,6
1570,2
1571,4
1572,6
1573,5
1574,6
1575,3
1576,0
1577,3
1578,6
1579,6
1580,2
1581,6
1582,3
1583,4
1584,5
1585,6
1586,6
1587,4
1588,6
1589,4
1590,2
1591,5
1592,6
1593,0
1594,2
1595,2
1596,0
1597,6
1598,4
1599,6
1600,2
1601,4
1602,6
1603,5
1604,3
1605,6
1606,6
1607,2
1608,0
1609,2
1610,6
1611,4
1612,2
1613,3
1614,6
1615,3
1616,2
1617,4
1618,1
1619,3
1620,3
1621,3
1622,4
1623,3
1624,6
1625,4
1626,6
1627,2
1628,3
1629,3
1630,6
1631,2
1632,3
1633,3
1634,3
1635,2
1636,6
1637,6
1638,0
1639,4
1640,4
1641,6
1642,3
1643,2
1644,6
1645,6
1646,5
1647,0
1648,2
1649,4
1650,3
1651,5
1652,3
1653,6
1654,3
1655,4
1656,4
1657,6
1658,6
1659,5
1660,0
1661,3
1662,6
1663,0
1664,3
1665,6
1666,2
1667,6
1668,0
1669,4
1670,6
1671,3
1672,6
1673,3
1674,4
1675,4
1676,6
1677,6
1678,5
1679,5
1680,4
1681,5
1682,6
1683,3
1684,5
1685,0
1686,6
1687,4
1688,0
1689,4
1690,0
1691,3
1692,3
1693,2
1694,3
1695,4
1696,1
1697,3
1698,3
1699,0
1700,6
1701,2
1702,0
1703,5
1704,4
1705,3
1706,0
1707,3
1708,3
1709,4
1710,6
1711,2
1712,6
1713,6
1714,5
1715,3
1716,3
1717,6
1718,5
1719,1
1720,6
1721,0
1722,5
1723,4
1724,6
1725,6
1726,4
1727,3
1728,3
1729,6
1730,4
1731,6
1732,6
1733,6
1734,3
1735,6
1736,0
1737,0
1738,0
1739,5
1740,3
1741,6
1742,5
1743,3
1744,2
1745,4
1746,0
1747,4
1748,6
1749,0
1750,2
1751,0
1752,5
1753,4
1754,3
1755,4
1756,4
1757,4
1758,0
1759,2
1760,4
1761,0
1762,4
1763,6
1764,4
1765,6
1766,4
1767,5
1768,3
1769,3
1770,2
1771,2
1772,3
1773,5
1774,3
1775,6
1776,6
1777,0
1778,0
1779,2
1780,5
1781,6
1782,3
1783,0
1784,5
1785,3
1786,5
1787,4
1788,0
1789,3
1790,0
1791,3
1792,2
1793,3
1794,4
1795,4
1796,3
1797,0
1798,2
1799,0
1800,6
1801,6
1802,6
1803,6
1804,5
1805,2
1806,6
1807,6
1808,3
1809,5
1810,4
1811,5
1812,3
1813,6
1814,2
1815,4
1816,0
1817,0
1818,6
1819,2
1820,4
1821,4
1822,3
1823,0
1824,4
1825,6
1826,1
1827,4
1828,5
1829,4
1830,6
1831,4
1832,6
1833,4
1834,4
1835,4
1836,0
1837,0
1838,6
1839,0
1840,6
1841,1
1842,6
1843,4
1844,6
1845,6
1846,6
1847,4
1848,2
1849,6
1850,6
1851,3
1852,6
1853,2
1854,6
1855,2
1856,2
1857,3
1858,5
1859,5
1860,3
1861,4
1862,3
1863,2
1864,5
1865,5
1866,4
1867,6
1868,3
1869,2
1870,2
1871,5
1872,6
1873,3
1874,2
1875,5
1876,3
1877,5
1878,3
1879,4
1880,0
1881,5
1882,3
1883,3
1884,0
1885,5
1886,2
1887,5
1888,5
1889,5
1890,5
1891,0
1892,1
1893,2
1894,4
1895,0
1896,0
1897,6
1898,2
1899,3
1900,6
1901,6
1902,4
1903,0
1904,0
1905,6
1906,6
1907,6
1908,6
1909,4
1910,3
1911,5
1912,4
1913,6
1914,5
1915,6
1916,5
1917,4
1918,0
1919,5
1920,2
1921,5
1922,4
1923,4
1924,2
1925,4
1926,3
1927,3
1928,3
1929,4
1930,1
1931,5
1932,2
1933,4
1934,6
1935,5
1936,6
1937,3
1938,4
1939,6
1940,0
1941,0
1942,3
1943,3
1944,4
1945,5
1946,4
1947,4
1948,6
1949,5
1950,4
1951,6
1952,6
1953,6
1954,3
1955,3
1956,2
1957,4
1958,3
1959,3
1960,5
1961,4
1962,4
1963,3
1964,4
1965,4
1966,3
1967,3
1968,6
1969,3
1970,3
1971,4
1972,5
1973,3
1974,3
1975,4
1976,4
1977,6
1978,4
1979,3
1980,6
1981,0
1982,5
1983,0
1984,3
1985,6
1986,4
1987,2
1988,3
1989,0
1990,4
1991,5
1992,6
1993,4
1994,6
1995,4
1996,4
1997,4
1998,6
1999,4
2000,0
2001,3
2002,2
2003,4
2004,0
2005,5
2006,0
2007,5
2008,4
2009,3
2010,1
2011,3
2012,2
2013,6
2014,2
2015,6
2016,5
2017,5
2018,0
2019,4
2020,2
2021,3
2022,4
2023,2
2024,2
2025,3
2026,0
2027,3
2028,3
2029,3
2030,0
2031,5
2032,4
2033,6
2034,4
2035,2
2036,0
2037,4
2038,5
2039,2
2040,3
2041,4
2042,5
2043,4
2044,0
2045,4
2046,3
2047,2
2048,1
2049,5
2050,0
2051,3
2052,1
2053,4
2054,6
2055,2
2056,2
2057,4
2058,4
2059,3
2060,5
2061,2
2062,3
2063,0
2064,1
2065,5
2066,6
2067,0
2068,0
2069,5
2070,3
2071,3
2072,4
2073,6
2074,0
2075,6
2076,4
2077,2
2078,5
2079,4
2080,4
2081,5
2082,2
2083,6
2084,6
2085,4
2086,3
2087,3
2088,0
2089,6
2090,4
2091,2
2092,3
2093,3
2094,4
2095,3
2096,3
2097,2
2098,3
2099,3
2100,3
2101,4
2102,5
2103,3
2104,5
2105,3
2106,2
2107,4
2108,4
2109,6
2110,2
2111,3
2112,5
2113,3
2114,3
2115,3
2116,3
2117,3
2118,3
2119,1
2120,6
2121,3
2122,0
2123,3
2124,6
2125,0
2126,3
2127,2
2128,3
2129,6
2130,4
2131,3
2132,6
2133,3
2134,6
2135,6
2136,0
2137,4
2138,4
2139,3
2140,3
2141,6
2142,3
2143,3
2144,0
2145,3
2146,3
2147,6
2148,2
2149,1
2150,3
2151,6
2152,3
2153,5
2154,2
2155,3
2156,3
2157,5
2158,4
2159,4
2160,6
2161,3
2162,3
2163,4
2164,5
2165,3
2166,3
2167,5
2168,4
2169,4
2170,2
2171,4
2172,3
2173,4
2174,6
2175,6
2176,3
2177,6
2178,0
2179,4
2180,3
2181,2
2182,3
2183,6
2184,5
2185,3
2186,3
2187,0
2188,3
2189,2
2190,5
2191,0
2192,0
2193,3
2194,3
2195,5
2196,6
2197,3
2198,6
2199,3
2200,3
2201,6
2202,4
2203,3
2204,4
2205,3
2206,3
2207,6
2208,3
2209,6
2210,2
2211,3
2212,3
2213,4
2214,6
2215,2
2216,2
2217,4
2218,6
2219,1
2220,5
2221,2
2222,0
2223,6
2224,4
2225,6
2226,5
2227,2
2228,2
2229,3
2230,4
2231,2
2232,2
2233,6
2234,5
2235,3
2236,6
2237,0
2238,5
2239,3
2240,5
2241,4
2242,3
2243,3
2244,6
2245,6
2246,3
2247,2
2248,6
2249,6
2250,4
2251,3
2252,3
2253,4
2254,4
2255,0
2256,3
2257,4
2258,3
2259,4
2260,3
2261,3
2262,5
2263,0
2264,6
2265,2
2266,3
2267,0
2268,4
2269,5
2270,3
2271,0
2272,0
2273,4
2274,6
2275,6
2276,6
2277,3
2278,4
2279,0
2280,5
2281,0
2282,4
2283,3
2284,5
2285,0
2286,6
2287,4
2288,6
2289,6
2290,3
2291,3
2292,3
2293,6
2294,3
2295,0
2296,5
2297,3
2298,6
2299,5
2300,4
2301,6
2302,3
2303,3
2304,0
2305,4
2306,6
2307,3
2308,3
2309,3
2310,4
2311,3
2312,6
2313,3
2314,6
2315,3
2316,3
2317,0
2318,3
2319,1
2320,3
2321,5
2322,0
2323,6
2324,0
2325,5
2326,3
2327,4
2328,5
2329,6
2330,3
2331,4
2332,6
2333,4
2334,6
2335,0
2336,0
2337,4
2338,5
2339,6
2340,0
2341,6
2342,3
2343,3
2344,3
2345,5
2346,0
2347,3
2348,6
2349,2
2350,6
2351,0
2352,3
2353,3
2354,3
2355,2
2356,0
2357,3
2358,4
2359,5
2360,3
2361,6
2362,5
2363,0
2364,6
2365,3
2366,6
2367,3
2368,0
2369,3
2370,2
2371,3
2372,6
2373,4
2374,6
2375,3
2376,3
2377,4
2378,3
2379,4
2380,3
2381,5
2382,4
2383,6
2384,2
2385,0
2386,0
2387,6
2388,5
2389,6
2390,4
2391,4
2392,3
2393,5
2394,0
2395,6
2396,0
2397,6
2398,3
2399,0
2400,4
2401,6
2402,0
2403,6
2404,4
2405,2
2406,4
2407,2
2408,3
2409,3
2410,3
2411,0
2412,3
2413,0
2414,3
2415,3
2416,3
2417,5
2418,6
2419,3
2420,0
2421,2
2422,3
2423,6
2424,5
2425,5
2426,4
2427,3
2428,3
2429,2
2430,6
2431,3
2432,3
2433,2
2434,3
2435,6
2436,3
2437,3
2438,5
2439,3
2440,6
2441,3
2442,0
2443,2
2444,6
2445,6
2446,2
2447,0
2448,2
2449,4
2450,5
2451,3
2452,2
2453,6
2454,5
2455,6
2456,5
2457,0
2458,3
2459,6
2460,0
2461,3
2462,3
2463,6
2464,5
2465,4
2466,4
2467,3
2468,3
2469,3
2470,6
2471,3
2472,5
2473,0
2474,4
2475,5
2476,5
2477,3
2478,4
2479,2
2480,6
2481,2
2482,4
2483,5
2484,0
2485,6
2486,3
2487,1
2488,6
2489,5
2490,5
2491,5
2492,2
2493,3
2494,0
2495,2
2496,2
2497,5
2498,0
2499,3
2500,3
2501,0
2502,0
2503,5
2504,0
2505,3
2506,2
2507,4
2508,4
2509,4
2510,0
2511,4
2512,6
2513,0
2514,5
2515,4
2516,4
2517,4
2518,6
2519,5
2520,6
2521,3
2522,5
2523,0
2524,4
2525,0
2526,0
2527,3
2528,4
2529,2
2530,3
2531,2
2532,3
2533,3
2534,3
2535,6
2536,3
2537,6
2538,0
2539,4
2540,4
2541,3
2542,3
2543,0
2544,0
2545,4
2546,3
2547,4
2548,6
2549,3
2550,4
2551,6
2552,0
2553,2
2554,6
2555,6
2556,4
2557,4
2558,4
2559,6
2560,4
2561,6
2562,6
2563,4
2564,5
2565,3
2566,4
2567,3
2568,4
2569,5
2570,4
2571,0
2572,6
2573,6
2574,0
2575,0
2576,3
2577,6
2578,3
2579,3
2580,4
2581,4
2582,3
2583,3
2584,6
2585,5
2586,3
2587,0
2588,3
2589,3
2590,2
2591,4
2592,3
2593,4
2594,3
2595,5
2596,3
2597,4
2598,0
2599,4
2600,3
2601,0
2602,6
2603,4
2604,6
2605,0
2606,6
2607,3
2608,4
2609,6
2610,0
2611,3
2612,3
2613,1
2614,6
2615,5
2616,2
2617,3
2618,3
2619,4
2620,3
2621,4
2622,2
2623,4
2624,2
2625,3
2626,6
2627,4
2628,6
2629,0
2630,3
2631,5
2632,0
2633,2
2634,3
2635,6
2636,5
2637,3
2638,6
2639,5
2640,3
2641,3
2642,3
2643,5
2644,5
2645,5
2646,4
2647,3
2648,2
2649,3
2650,5
2651,6
2652,3
2653,6
2654,3
2655,5
2656,6
2657,3
2658,2
2659,1
2660,6
2661,3
2662,6
2663,6
2664,6
2665,3
2666,0
2667,3
2668,3
2669,6
2670,4
2671,3
2672,3
2673,6
2674,4
2675,3
2676,6
2677,2
2678,6
2679,3
2680,3
2681,2
2682,5
2683,2
2684,6
2685,2
2686,4
2687,0
2688,6
2689,2
2690,3
2691,2
2692,4
2693,3
2694,4
2695,4
2696,5
2697,4
2698,6
2699,0
2700,0
2701,3
2702,3
2703,2
2704,3
2705,6
2706,6
2707,3
2708,4
2709,2
2710,3
2711,3
2712,4
2713,3
2714,5
2715,4
2716,6
2717,4
2718,0
2719,2
2720,0
2721,2
2722,0
2723,6
2724,5
2725,3
2726,4
2727,6
2728,2
2729,3
2730,3
2731,3
2732,2
2733,0
2734,0
2735,4
2736,6
2737,6
2738,2
2739,5
2740,4
2741,4
2742,5
2743,6
2744,3
2745,6
2746,3
2747,3
2748,3
2749,3
2750,6
2751,0
2752,6
2753,3
2754,5
2755,5
2756,4
2757,2
2758,4
2759,0
2760,4
2761,0
2762,0
2763,3
2764,5
2765,3
2766,6
2767,6
2768,2
2769,5
2770,5
2771,4
2772,2
2773,3
2774,0
2775,6
2776,0
2777,4
2778,6
2779,2
2780,2
2781,4
2782,0
2783,5
2784,5
2785,0
2786,6
2787,5
2788,0
2789,2
2790,4
2791,0
2792,6
2793,6
2794,6
2795,5
2796,0
2797,6
2798,6
2799,4
2800,5
2801,6
2802,6
2803,5
2804,5
2805,3
2806,0
2807,6
2808,5
2809,3
2810,4
2811,5
2812,4
2813,6
2814,5
2815,3
2816,0
2817,6
2818,4
2819,2
2820,4
2821,0
2822,0
2823,3
2824,5
2825,2
2826,0
2827,2
2828,3
2829,0
2830,4
2831,3
2832,6
2833,3
2834,0
2835,4
2836,5
2837,4
2838,4
2839,4
2840,0
2841,5
2842,3
2843,6
2844,4
2845,3
2846,2
2847,5
2848,3
2849,3
2850,5
2851,4
2852,6
2853,2
2854,5
2855,5
2856,4
2857,2
2858,5
2859,4
2860,2
2861,5
2862,3
2863,3
2864,3
2865,0
2866,6
2867,6
2868,3
2869,4
2870,0
2871,4
2872,4
2873,6
2874,4
2875,5
2876,6
2877,6
2878,5
2879,6
2880,6
2881,5
2882,6
2883,0
2884,2
2885,5
2886,0
2887,6
2888,3
2889,3
2890,6
2891,4
2892,4
2893,3
2894,0
2895,2
2896,6
2897,3
2898,5
2899,6
2900,3
2901,6
2902,0
2903,5
2904,0
2905,4
2906,0
2907,0
2908,3
2909,2
2910,6
2911,3
2912,6
2913,2
2914,6
2915,4
2916,5
2917,5
2918,2
2919,3
2920,3
2921,4
2922,3
2923,5
2924,5
2925,4
2926,6
2927,6
2928,3
2929,3
2930,5
2931,2
2932,3
2933,4
2934,4
2935,3
2936,3
2937,4
2938,6
2939,2
2940,6
2941,6
2942,0
2943,4
2944,4
2945,4
2946,2
2947,4
2948,6
2949,6
2950,4
2951,6
2952,5
2953,5
2954,0
2955,5
2956,3
2957,2
2958,5
2959,3
2960,6
2961,3
2962,5
2963,2
2964,0
2965,3
2966,2
2967,4
2968,6
2969,5
2970,3
2971,6
2972,2
2973,4
2974,3
2975,2
2976,6
2977,5
2978,3
2979,2
2980,3
2981,6
2982,3
2983,2
2984,4
2985,0
2986,6
2987,4
2988,3
2989,5
2990,5
2991,4
2992,6
2993,6
2994,6
2995,6
2996,4
2997,4
2998,3
2999,6
3000,2
3001,4
3002,2
3003,5
3004,6
3005,6
3006,2
3007,4
3008,2
3009,4
3010,2
3011,4
3012,0
3013,0
3014,0
3015,3
3016,3
3017,0
3018,6
3019,0
3020,0
3021,3
3022,5
3023,6
3024,0
3025,6
3026,3
3027,2
3028,3
3029,4
3030,3
3031,0
3032,2
3033,3
3034,6
3035,5
3036,6
3037,3
3038,5
3039,6
3040,0
3041,6
3042,2
3043,3
3044,6
3045,3
3046,3
3047,3
3048,3
3049,5
3050,6
3051,3
3052,3
3053,6
3054,5
3055,4
3056,3
3057,2
3058,4
3059,2
3060,4
3061,3
3062,2
3063,3
3064,2
3065,6
3066,5
3067,6
3068,2
3069,3
3070,0
3071,4
3072,5
3073,2
3074,4
3075,5
3076,3
3077,6
3078,5
3079,2
3080,0
3081,5
3082,4
3083,3
3084,5
3085,0
3086,5
3087,2
3088,2
3089,2
3090,5
3091,4
3092,4
3093,3
3094,6
3095,3
3096,2
3097,3
3098,6
3099,4
3100,4
3101,3
3102,3
3103,3
3104,6
3105,5
3106,4
3107,4
3108,4
3109,2
3110,6
3111,3
3112,2
3113,3
3114,6
3115,4
3116,0
3117,5
3118,6
3119,1
3120,4
3121,3
3122,6
3123,6
3124,3
3125,4
3126,2
3127,4
3128,4
3129,4
3130,3
3131,3
3132,4
3133,2
3134,4
3135,5
3136,4
3137,3
3138,6
3139,5
3140,0
3141,3
3142,6
3143,4
3144,3
3145,6
3146,2
3147,3
3148,3
3149,3
3150,0
3151,2
3152,3
3153,6
3154,4
3155,2
3156,6
3157,3
3158,0
3159,4
3160,4
3161,3
3162,6
3163,5
3164,0
3165,4
3166,3
3167,4
3168,2
3169,6
3170,0
3171,2
3172,4
3173,3
3174,3
3175,6
3176,5
3177,0
3178,3
3179,4
3180,0
3181,3
3182,6
3183,5
3184,0
3185,4
3186,5
3187,3
3188,3
3189,2
3190,2
3191,4
3192,6
3193,5
3194,2
3195,4
3196,5
3197,4
3198,0
3199,3
3200,4
3201,3
3202,6
3203,3
3204,3
3205,6
3206,4
3207,2
3208,2
3209,4
3210,0
3211,2
3212,0
3213,4
3214,2
3215,0
3216,4
3217,0
3218,6
3219,3
3220,5
3221,6
3222,0
3223,4
3224,3
3225,3
3226,5
3227,6
3228,4
3229,6
3230,0
3231,4
3232,2
3233,4
3234,6
3235,6
3236,3
3237,0
3238,0
3239,0
3240,6
3241,3
3242,3
3243,3
3244,5
3245,6
3246,4
3247,3
3248,4
3249,3
3250,2
3251,3
3252,5
3253,3
3254,6
3255,0
3256,2
3257,3
3258,6
3259,5
3260,5
3261,6
3262,6
3263,3
3264,4
3265,6
3266,4
3267,6
3268,3
3269,0
3270,6
3271,6
3272,6
3273,1
3274,5
3275,4
3276,3
3277,6
3278,3
3279,6
3280,2
3281,3
3282,0
3283,4
3284,3
3285,4
3286,4
3287,6
3288,4
3289,5
3290,6
3291,6
3292,4
3293,0
3294,6
3295,5
3296,4
3297,2
3298,0
3299,6
3300,6
3301,4
3302,3
3303,3
3304,3
3305,2
3306,4
3307,6
3308,0
3309,4
3310,0
3311,0
3312,3
3313,3
3314,0
3315,4
3316,2
3317,4
3318,3
3319,2
3320,5
3321,4
3322,5
3323,5
3324,6
3325,6
3326,2
3327,6
3328,3
3329,6
3330,3
3331,5
3332,6
3333,0
3334,3
3335,2
3336,6
3337,3
3338,3
3339,3
3340,6
3341,6
3342,0
3343,5
3344,6
3345,6
3346,3
3347,0
3348,0
3349,4
3350,4
3351,3
3352,5
3353,3
3354,6
3355,4
3356,0
3357,6
3358,4
3359,3
3360,5
3361,6
3362,6
3363,2
3364,6
3365,0
3366,3
3367,2
3368,4
3369,0
3370,6
3371,3
3372,6
3373,6
3374,0
3375,3
3376,4
3377,0
3378,6
3379,2
3380,2
3381,6
3382,4
3383,3
3384,4
3385,0
3386,3
3387,5
3388,2
3389,5
3390,5
3391,6
3392,0
3393,0
3394,0
3395,4
3396,3
3397,6
3398,2
3399,3
3400,4
3401,6
3402,4
3403,0
3404,6
3405,2
3406,0
3407,6
3408,6
3409,6
3410,5
3411,0
3412,5
3413,0
3414,6
3415,0
3416,4
3417,4
3418,6
3419,3
3420,4
3421,5
3422,4
3423,5
3424,2
3425,6
3426,6
3427,3
3428,6
3429,4
3430,2
3431,3
3432,4
3433,3
3434,4
3435,3
3436,4
3437,5
3438,4
3439,5
3440,6
3441,4
3442,5
3443,5
3444,2
3445,5
3446,6
3447,3
3448,0
3449,3
3450,2
3451,3
3452,6
3453,3
3454,6
3455,6
3456,2
3457,3
3458,3
3459,2
3460,3
3461,5
3462,3
3463,4
3464,5
3465,2
3466,0
3467,5
3468,3
3469,0
3470,5
3471,4
3472,0
3473,3
3474,4
3475,4
3476,3
3477,3
3478,6
3479,3
3480,4
3481,2
3482,6
3483,3
3484,6
3485,3
3486,6
3487,4
3488,4
3489,3
3490,2
3491,0
3492,2
3493,4
3494,6
3495,0
3496,2
3497,0
3498,0
3499,2
3500,2
3501,3
3502,6
3503,5
3504,6
3505,5
3506,0
3507,6
3508,4
3509,2
3510,0
3511,6
3512,4
3513,3
3514,0
3515,0
3516,0
3517,4
3518,3
3519,6
3520,2
3521,6
3522,0
3523,5
3524,6
3525,4
3526,5
3527,3
3528,3
3529,6
3530,4
3531,0
3532,4
3533,6
3534,2
3535,3
3536,4
3537,6
3538,2
3539,3
3540,3
3541,6
3542,3
3543,0
3544,3
3545,5
3546,2
3547,2
3548,5
3549,2
3550,3
3551,1
3552,0
3553,6
3554,3
3555,0
3556,5
3557,5
3558,4
3559,6
3560,6
3561,6
3562,2
3563,6
3564,6
3565,3
3566,6
3567,4
3568,2
3569,0
3570,5
3571,2
3572,0
3573,3
3574,5
3575,5
3576,4
3577,2
3578,6
3579,4
3580,1
3581,6
3582,0
3583,3
3584,4
3585,3
3586,6
3587,0
3588,6
3589,2
3590,0
3591,4
3592,4
3593,4
3594,0
3595,3
3596,3
3597,2
3598,3
3599,5
3600,3
3601,6
3602,4
3603,6
3604,6
3605,5
3606,5
3607,6
3608,2
3609,3
3610,4
3611,0
3612,6
3613,3
3614,5
3615,5
3616,6
3617,6
3618,3
3619,0
3620,6
3621,3
3622,5
3623,1
3624,3
3625,5
3626,4
3627,2
3628,4
3629,6
3630,6
3631,3
3632,4
3633,6
3634,4
3635,3
3636,6
3637,3
3638,3
3639,4
3640,2
3641,6
3642,0
3643,0
3644,2
3645,5
3646,3
3647,6
3648,4
3649,4
3650,5
3651,4
3652,6
3653,4
3654,0
3655,3
3656,5
3657,6
3658,4
3659,4
3660,0
3661,6
3662,6
3663,3
3664,0
3665,6
3666,2
3667,5
3668,3
3669,5
3670,3
3671,5
3672,3
3673,3
3674,4
3675,6
3676,2
3677,3
3678,3
3679,3
3680,5
3681,4
3682,6
3683,6
3684,4
3685,2
3686,5
3687,3
3688,2
3689,5
3690,3
3691,6
3692,6
3693,3
3694,3
3695,5
3696,5
3697,0
3698,3
3699,0
3700,3
3701,0
3702,0
3703,3
3704,6
3705,3
3706,4
3707,3
3708,6
3709,6
3710,3
3711,5
3712,6
3713,2
3714,6
3715,5
3716,3
3717,3
3718,3
3719,6
3720,3
3721,4
3722,3
3723,5
3724,6
3725,6
3726,6
3727,3
3728,2
3729,2
3730,3
3731,3
3732,4
3733,4
3734,6
3735,3
3736,6
3737,6
3738,2
3739,6
3740,6
3741,6
3742,6
3743,3
3744,5
3745,5
3746,0
3747,6
3748,3
3749,4
3750,5
3751,3
3752,2
3753,6
3754,6
3755,2
3756,5
3757,3
3758,6
3759,3
3760,5
3761,0
3762,3
3763,6
3764,0
3765,0
3766,2
3767,0
3768,4
3769,3
3770,6
3771,6
3772,2
3773,0
3774,6
3775,5
3776,2
3777,4
3778,2
3779,3
3780,5
3781,6
3782,3
3783,0
3784,5
3785,5
3786,0
3787,2
3788,3
3789,6
3790,4
3791,4
3792,3
3793,4
3794,4
3795,0
3796,5
3797,6
3798,6
3799,6
3800,6
3801,5
3802,3
3803,0
3804,5
3805,3
3806,6
3807,6
3808,6
3809,4
3810,4
3811,2
3812,5
3813,6
3814,6
3815,2
3816,1
3817,5
3818,3
3819,3
3820,4
3821,5
3822,1
3823,2
3824,3
3825,0
3826,5
3827,3
3828,0
3829,5
3830,0
3831,0
3832,3
3833,6
3834,3
3835,3
3836,3
3837,0
3838,6
3839,4
3840,4
3841,6
3842,2
3843,4
3844,6
3845,3
3846,3
3847,3
3848,3
3849,6
3850,0
3851,3
3852,6
3853,3
3854,2
3855,6
3856,4
3857,6
3858,4
3859,3
3860,2
3861,5
3862,2
3863,4
3864,2
3865,3
3866,6
3867,6
3868,6
3869,0
3870,4
3871,3
3872,3
3873,6
3874,6
3875,0
3876,6
3877,3
3878,4
3879,2
3880,2
3881,3
3882,6
3883,4
3884,0
3885,3
3886,3
3887,4
3888,6
3889,2
3890,0
3891,0
3892,0
3893,4
3894,3
3895,4
3896,6
3897,6
3898,3
3899,6
3900,6
3901,0
3902,5
3903,0
3904,4
3905,3
3906,6
3907,6
3908,6
3909,3
3910,4
3911,6
3912,2
3913,4
3914,0
3915,5
3916,0
3917,0
3918,3
3919,0
3920,3
3921,5
3922,4
3923,6
3924,5
3925,6
3926,5
3927,3
3928,0
3929,0
3930,6
3931,3
3932,4
3933,0
3934,0
3935,3
3936,3
3937,0
3938,0
3939,3
3940,2
3941,0
3942,6
3943,5
3944,4
3945,0
3946,4
3947,4
3948,3
3949,5
3950,3
3951,3
3952,4
3953,3
3954,3
3955,4
3956,4
3957,2
3958,6
3959,4
3960,3
3961,3
3962,6
3963,4
3964,4
3965,3
3966,6
3967,6
3968,6
3969,3
3970,6
3971,2
3972,4
3973,6
3974,0
3975,0
3976,5
3977,3
3978,3
3979,4
3980,2
3981,3
3982,2
3983,2
3984,6
3985,4
3986,2
3987,5
3988,0
3989,2
3990,3
3991,6
3992,3
3993,6
3994,6
3995,4
3996,6
3997,5
3998,4
3999,5
4000,2
4001,3
4002,0
4003,6
4004,5
4005,5
4006,4
4007,5
4008,4
4009,0
4010,4
4011,4
4012,3
4013,5
4014,3
4015,4
4016,3
4017,6
4018,5
4019,3
4020,6
4021,6
4022,4
4023,3
4024,3
4025,5
4026,6
4027,3
4028,3
4029,6
4030,3
4031,6
4032,6
4033,4
4034,6
4035,4
4036,4
4037,2
4038,3
4039,4
4040,5
4041,6
4042,0
4043,4
4044,5
4045,0
4046,0
4047,6
4048,3
4049,2
4050,4
4051,6
4052,2
4053,5
4054,3
4055,3
4056,4
4057,4
4058,3
4059,4
4060,3
4061,6
4062,2
4063,4
4064,3
4065,5
4066,4
4067,4
4068,0
4069,6
4070,6
4071,5
4072,6
4073,6
4074,6
4075,4
4076,5
4077,6
4078,6
4079,2
4080,2
4081,0
4082,4
4083,6
4084,6
4085,2
4086,2
4087,3
4088,3
4089,2
4090,2
4091,3
4092,4
4093,3
4094,0
4095,5
4096,4
4097,5
4098,2
4099,4
4100,4
4101,0
4102,4
4103,4
4104,6
4105,4
4106,5
4107,0
4108,6
4109,4
4110,5
4111,4
4112,5
4113,6
4114,6
4115,5
4116,6
4117,3
4118,3
4119,4
4120,4
4121,3
4122,5
4123,3
4124,4
4125,3
4126,3
4127,6
4128,0
4129,3
4130,2
4131,6
4132,4
4133,6
4134,4
4135,5
4136,3
4137,3
4138,6
4139,6
4140,6
4141,5
4142,6
4143,4
4144,4
4145,6
4146,6
4147,4
4148,2
4149,0
4150,3
4151,3
4152,6
4153,6
4154,0
4155,3
4156,0
4157,2
4158,4
4159,3
4160,4
4161,6
4162,6
4163,6
4164,0
4165,6
4166,2
4167,0
4168,2
4169,5
4170,5
4171,0
4172,6
4173,3
4174,3
4175,5
4176,2
4177,3
4178,3
4179,4
4180,0
4181,6
4182,4
4183,3
4184,0
4185,2
4186,4
4187,3
4188,3
4189,4
4190,3
4191,6
4192,4
4193,3
4194,4
4195,3
4196,2
4197,0
4198,0
4199,2
4200,4
4201,0
4202,2
4203,1
4204,3
4205,6
4206,0
4207,4
4208,3
4209,5
4210,4
4211,3
4212,6
4213,0
4214,1
4215,5
4216,5
4217,4
4218,4
4219,0
4220,2
4221,4
4222,2
4223,4
4224,2
4225,2
4226,6
4227,3
4228,0
4229,6
4230,4
4231,2
4232,6
4233,3
4234,5
4235,0
4236,6
4237,2
4238,6
4239,5
4240,3
4241,3
4242,4
4243,3
4244,3
4245,6
4246,3
4247,3
4248,4
4249,3
4250,0
4251,6
4252,4
4253,4
4254,3
4255,6
4256,6
4257,4
4258,3
4259,6
4260,4
4261,0
4262,4
4263,4
4264,3
4265,4
4266,3
4267,0
4268,4
4269,6
4270,5
4271,2
4272,0
4273,4
4274,3
4275,6
4276,5
4277,5
4278,0
4279,5
4280,5
4281,6
4282,2
4283,2
4284,3
4285,0
4286,6
4287,2
4288,3
4289,3
4290,5
4291,2
4292,3
4293,4
4294,6
4295,1
4296,3
4297,3
4298,2
4299,0
4300,3
4301,2
4302,6
4303,6
4304,3
4305,6
4306,0
4307,4
4308,3
4309,6
4310,2
4311,4
4312,5
4313,6
4314,3
4315,3
4316,5
4317,4
4318,5
4319,0
4320,3
4321,3
4322,3
4323,3
4324,4
4325,0
4326,2
4327,0
4328,6
4329,6
4330,2
4331,4
4332,6
4333,5
4334,3
4335,2
4336,5
4337,3
4338,2
4339,6
4340,6
4341,3
4342,2
4343,3
4344,0
4345,6
4346,5
4347,4
4348,2
4349,0
4350,0
4351,4
4352,4
4353,4
4354,6
4355,0
4356,3
4357,4
4358,5
4359,3
4360,6
4361,2
4362,6
4363,5
4364,6
4365,3
4366,4
4367,0
4368,6
4369,1
4370,2
4371,2
4372,4
4373,2
4374,2
4375,3
4376,4
4377,6
4378,3
4379,2
4380,2
4381,2
4382,4
4383,3
4384,3
4385,3
4386,5
4387,4
4388,2
4389,4
4390,3
4391,6
4392,3
4393,3
4394,6
4395,3
4396,2
4397,5
4398,6
4399,4
4400,6
4401,6
4402,4
4403,2
4404,2
4405,0
4406,4
4407,3
4408,2
4409,3
4410,2
4411,6
4412,6
4413,3
4414,3
4415,6
4416,4
4417,3
4418,0
4419,2
4420,0
4421,6
4422,2
4423,4
4424,6
4425,3
4426,3
4427,2
4428,6
4429,3
4430,0
4431,6
4432,3
4433,5
4434,5
4435,5
4436,2
4437,3
4438,5
4439,5
4440,4
4441,6
4442,4
4443,6
4444,3
4445,4
4446,4
4447,3
4448,4
4449,5
4450,0
4451,4
4452,3
4453,2
4454,0
4455,3
4456,2
4457,3
4458,3
4459,3
4460,2
4461,0
4462,5
4463,6
4464,2
4465,3
4466,3
4467,3
4468,2
4469,4
4470,6
4471,5
4472,4
4473,6
4474,5
4475,6
4476,6
4477,6
4478,6
4479,3
4480,5
4481,3
4482,4
4483,5
4484,0
4485,3
4486,6
4487,6
4488,4
4489,3
4490,6
4491,4
4492,6
4493,6
4494,3
4495,2
4496,3
4497,6
4498,3
4499,4
4500,0
4501,3
4502,5
4503,3
4504,3
4505,6
4506,2
4507,2
4508,6
4509,2
4510,4
4511,3
4512,4
4513,6
4514,5
4515,0
4516,3
4517,5
4518,5
4519,3
4520,3
4521,3
4522,6
4523,5
4524,4
4525,6
4526,6
4527,3
4528,6
4529,0
4530,2
4531,4
4532,5
4533,5
4534,5
4535,2
4536,2
4537,3
4538,6
4539,5
4540,4
4541,2
4542,5
4543,3
4544,2
4545,4
4546,3
4547,6
4548,3
4549,4
4550,2
4551,0
4552,3
4553,6
4554,3
4555,4
4556,4
4557,6
4558,3
4559,3
4560,4
4561,4
4562,3
4563,2
4564,2
4565,3
4566,3
4567,3
4568,3
4569,3
4570,4
4571,4
4572,2
4573,6
4574,3
4575,1
4576,6
4577,6
4578,5
4579,3
4580,4
4581,5
4582,4
4583,0
4584,3
4585,6
4586,2
4587,3
4588,6
4589,3
4590,2
4591,3
4592,3
4593,4
4594,0
4595,2
4596,0
4597,5
4598,0
4599,3
4600,4
4601,6
4602,4
4603,6
4604,5
4605,5
4606,4
4607,2
4608,6
4609,6
4610,3
4611,4
4612,0
4613,3
4614,3
4615,5
4616,6
4617,5
4618,6
4619,0
4620,5
4621,4
4622,4
4623,2
4624,2
4625,3
4626,5
4627,6
4628,0
4629,3
4630,6
4631,6
4632,6
4633,3
4634,3
4635,4
4636,2
4637,3
4638,5
4639,2
4640,4
4641,2
4642,6
4643,2
4644,3
4645,0
4646,4
4647,2
4648,3
4649,2
4650,2
4651,3
4652,6
4653,1
4654,6
4655,5
4656,1
4657,3
4658,3
4659,3
4660,4
4661,6
4662,6
4663,2
4664,4
4665,5
4666,3
4667,5
4668,3
4669,5
4670,4
4671,5
4672,6
4673,3
4674,2
4675,4
4676,5
4677,3
4678,1
4679,2
4680,5
4681,3
4682,3
4683,3
4684,5
4685,2
4686,6
4687,4
4688,4
4689,6
4690,4
4691,3
4692,0
4693,6
4694,6
4695,6
4696,4
4697,6
4698,3
4699,4
4700,6
4701,0
4702,5
4703,4
4704,3
4705,6
4706,3
4707,4
4708,6
4709,6
4710,2
4711,3
4712,6
4713,4
4714,3
4715,6
4716,6
4717,0
4718,5
4719,6
4720,5
4721,2
4722,5
4723,4
4724,0
4725,6
4726,0
4727,3
4728,6
4729,6
4730,5
4731,2
4732,3
4733,3
4734,0
4735,2
4736,0
4737,2
4738,4
4739,0
4740,6
4741,6
4742,3
4743,6
4744,5
4745,4
4746,4
4747,5
4748,4
4749,5
4750,6
4751,3
4752,5
4753,6
4754,3
4755,3
4756,6
4757,2
4758,0
4759,6
4760,4
4761,3
4762,6
4763,3
4764,2
4765,2
4766,4
4767,3
4768,4
4769,5
4770,3
4771,3
4772,3
4773,2
4774,2
4775,5
4776,3
4777,4
4778,6
4779,2
4780,6
4781,2
4782,3
4783,4
4784,6
4785,0
4786,0
4787,4
4788,5
4789,4
4790,4
4791,5
4792,5
4793,6
4794,6
4795,3
4796,0
4797,2
4798,4
4799,3
4800,0
4801,2
4802,3
4803,2
4804,4
4805,6
4806,4
4807,4
4808,6
4809,3
4810,6
4811,6
4812,6
4813,4
4814,4
4815,3
4816,3
4817,6
4818,3
4819,6
4820,0
4821,3
4822,3
4823,3
4824,3
4825,6
4826,2
4827,5
4828,0
4829,0
4830,0
4831,3
4832,3
4833,0
4834,1
4835,4
4836,4
4837,5
4838,4
4839,5
4840,4
4841,2
4842,3
4843,3
4844,5
4845,6
4846,4
4847,4
4848,4
4849,4
4850,2
4851,6
4852,1
4853,3
4854,6
4855,3
4856,3
4857,6
4858,5
4859,3
4860,2
4861,3
4862,2
4863,2
4864,6
4865,3
4866,2
4867,5
4868,6
4869,5
4870,0
4871,2
4872,0
4873,2
4874,2
4875,4
4876,4
4877,6
4878,2
4879,6
4880,4
4881,4
4882,6
4883,5
4884,2
4885,3
4886,6
4887,5
4888,0
4889,4
4890,4
4891,4
4892,0
4893,5
4894,6
4895,6
4896,2
4897,3
4898,4
4899,2
4900,4
4901,3
4902,2
4903,6
4904,4
4905,4
4906,5
4907,6
4908,2
4909,6
4910,3
4911,6
4912,4
4913,0
4914,0
4915,2
4916,4
4917,3
4918,6
4919,4
4920,3
4921,3
4922,5
4923,5
4924,0
4925,3
4926,3
4927,3
4928,6
4929,6
4930,4
4931,4
4932,3
4933,6
4934,3
4935,5
4936,5
4937,4
4938,5
4939,3
4940,0
4941,5
4942,2
4943,5
4944,3
4945,0
4946,6
4947,6
4948,3
4949,0
4950,2
4951,3
4952,0
4953,2
4954,2
4955,4
4956,3
4957,6
4958,5
4959,5
4960,4
4961,1
4962,0
4963,6
4964,0
4965,6
4966,3
4967,3
4968,0
4969,5
4970,4
4971,6
4972,0
4973,0
4974,3
4975,6
4976,3
4977,4
4978,6
4979,3
4980,4
4981,3
4982,4
4983,3
4984,2
4985,0
4986,3
4987,1
4988,2
4989,6
4990,6
4991,6
4992,2
4993,0
4994,6
4995,3
4996,6
4997,0
4998,4
4999,6
5000,6
5001,5
5002,3
5003,6
5004,6
5005,6
5006,4
5007,4
5008,6
5009,6
5010,0
5011,2
5012,3
5013,2
5014,3
5015,6
5016,4
5017,3
5018,3
5019,2
5020,0
5021,6
5022,3
5023,6
5024,6
5025,5
5026,4
5027,3
5028,5
5029,4
5030,4
5031,6
5032,3
5033,3
5034,4
5035,6
5036,5
5037,5
5038,3
5039,4
5040,4
5041,4
5042,0
5043,3
5044,6
5045,2
5046,5
5047,1
5048,5
5049,6
5050,5
5051,4
5052,3
5053,2
5054,0
5055,4
5056,2
5057,0
5058,6
5059,6
5060,3
5061,3
5062,4
5063,2
5064,4
5065,0
5066,4
5067,3
5068,3
5069,4
5070,3
5071,4
5072,6
5073,4
5074,2
5075,0
5076,6
5077,6
5078,3
5079,4
5080,5
5081,2
5082,0
5083,6
5084,4
5085,4
5086,6
5087,2
5088,4
5089,3
5090,2
5091,6
5092,2
5093,3
5094,6
5095,5
5096,2
5097,2
5098,6
5099,3
5100,0
5101,6
5102,4
5103,2
5104,3
5105,3
5106,5
5107,6
5108,3
5109,3
5110,6
5111,2
5112,6
5113,3
5114,5
5115,6
5116,5
5117,3
5118,0
5119,5
5120,0
5121,4
5122,6
5123,5
5124,6
5125,4
5126,2
5127,3
5128,5
5129,4
5130,3
5131,4
5132,3
5133,3
5134,3
5135,3
5136,3
5137,3
5138,1
5139,2
5140,6
5141,2
5142,6
5143,5
5144,3
5145,3
5146,4
5147,0
5148,3
5149,6
5150,6
5151,4
5152,6
5153,3
5154,6
5155,4
5156,6
5157,5
5158,3
5159,3
5160,6
5161,6
5162,6
5163,6
5164,6
5165,3
5166,6
5167,6
5168,3
5169,3
5170,5
5171,6
5172,3
5173,3
5174,5
5175,2
5176,4
5177,5
5178,4
5179,3
5180,0
5181,4
5182,2
5183,3
5184,6
5185,4
5186,3
5187,6
5188,0
5189,3
5190,4
5191,6
5192,6
5193,5
5194,3
5195,3
5196,4
5197,3
5198,5
5199,5
5200,4
5201,5
5202,5
5203,2
5204,4
5205,3
5206,3
5207,3
5208,3
5209,4
5210,2
5211,3
5212,3
5213,4
5214,2
5215,3
5216,3
5217,0
5218,3
5219,6
5220,0
5221,0
5222,5
5223,3
5224,3
5225,4
5226,2
5227,6
5228,6
5229,3
5230,6
5231,3
5232,6
5233,3
5234,4
5235,3
5236,2
5237,3
5238,4
5239,3
5240,3
5241,4
5242,4
5243,6
5244,6
5245,3
5246,6
5247,4
5248,2
5249,4
5250,2
5251,4
5252,2
5253,6
5254,5
5255,3
5256,6
5257,5
5258,5
5259,0
5260,4
5261,0
5262,2
5263,2
5264,6
5265,1
5266,3
5267,6
5268,3
5269,2
5270,5
5271,3
5272,3
5273,0
5274,6
5275,3
5276,4
5277,2
5278,4
5279,1
5280,0
5281,2
5282,4
5283,6
5284,2
5285,6
5286,1
5287,4
5288,5
5289,0
5290,3
5291,2
5292,4
5293,0
5294,2
5295,0
5296,5
5297,3
5298,3
5299,6
5300,5
5301,4
5302,4
5303,3
5304,4
5305,3
5306,3
5307,5
5308,6
5309,3
5310,3
5311,4
5312,6
5313,0
5314,0
5315,2
5316,5
5317,2
5318,3
5319,4
5320,3
5321,5
5322,6
5323,6
5324,3
5325,5
5326,3
5327,0
5328,6
5329,3
5330,5
5331,4
5332,3
5333,3
5334,3
5335,3
5336,2
5337,3
5338,0
5339,5
5340,3
5341,6
5342,3
5343,5
5344,3
5345,4
5346,3
5347,0
5348,3
5349,4
5350,4
5351,4
5352,6
5353,0
5354,2
5355,6
5356,3
5357,3
5358,2
5359,1
5360,6
5361,2
5362,4
5363,5
5364,4
5365,6
5366,2
5367,4
5368,6
5369,3
5370,3
5371,4
5372,4
5373,3
5374,3
5375,3
5376,0
5377,6
5378,5
5379,2
5380,4
5381,3
5382,3
5383,2
5384,6
5385,3
5386,4
5387,5
5388,2
5389,3
5390,6
5391,5
5392,2
5393,3
5394,4
5395,5
5396,2
5397,4
5398,3
5399,5
5400,3
5401,3
5402,5
5403,2
5404,5
5405,5
5406,0
5407,0
5408,6
5409,3
5410,3
5411,3
5412,5
5413,6
5414,6
5415,4
5416,5
5417,4
5418,6
5419,6
5420,3
5421,4
5422,4
5423,3
5424,0
5425,5
5426,3
5427,5
5428,2
5429,0
5430,2
5431,5
5432,6
5433,0
5434,2
5435,5
5436,3
5437,5
5438,6
5439,0
5440,6
5441,3
5442,0
5443,3
5444,6
5445,4
5446,6
5447,0
5448,6
5449,6
5450,3
5451,5
5452,6
5453,5
5454,3
5455,0
5456,4
5457,0
5458,5
5459,6
5460,5
5461,3
5462,4
5463,4
5464,3
5465,6
5466,6
5467,2
5468,0
5469,0
5470,6
5471,0
5472,0
5473,3
5474,6
5475,0
5476,5
5477,3
5478,5
5479,3
5480,2
5481,4
5482,6
5483,6
5484,6
5485,4
5486,4
5487,6
5488,4
5489,3
5490,6
5491,4
5492,2
5493,3
5494,3
5495,0
5496,2
5497,4
5498,0
5499,6
5500,3
5501,3
5502,3
5503,3
5504,5
5505,6
5506,6
5507,3
5508,5
5509,6
5510,3
5511,0
5512,0
5513,0
5514,0
5515,6
5516,6
5517,3
5518,5
5519,4
5520,5
5521,5
5522,6
5523,2
5524,4
5525,3
5526,2
5527,2
5528,5
5529,0
5530,5
5531,2
5532,2
5533,4
5534,3
5535,3
5536,3
5537,4
5538,2
5539,3
5540,3
5541,4
5542,3
5543,6
5544,2
5545,3
5546,3
5547,3
5548,3
5549,4
5550,2
5551,6
5552,4
5553,6
5554,6
5555,3
5556,6
5557,0
5558,4
5559,2
5560,3
5561,5
5562,6
5563,6
5564,0
5565,4
5566,5
5567,6
5568,4
5569,3
5570,6
5571,3
5572,3
5573,5
5574,4
5575,4
5576,2
5577,6
5578,6
5579,5
5580,2
5581,4
5582,3
5583,6
5584,3
5585,3
5586,4
5587,6
5588,6
5589,5
5590,6
5591,4
5592,3
5593,3
5594,3
5595,5
5596,0
5597,6
5598,5
5599,6
5600,4
5601,2
5602,6
5603,4
5604,3
5605,4
5606,3
5607,3
5608,3
5609,0
5610,2
5611,1
5612,6
5613,4
5614,6
5615,6
5616,2
5617,3
5618,2
5619,3
5620,3
5621,5
5622,3
5623,0
5624,2
5625,6
5626,6
5627,2
5628,4
5629,4
5630,4
5631,5
5632,3
5633,4
5634,0
5635,3
5636,4
5637,3
5638,6
5639,5
5640,2
5641,4
5642,5
5643,2
5644,3
5645,3
5646,3
5647,4
5648,4
5649,4
5650,2
5651,1
5652,3
5653,4
5654,6
5655,4
5656,5
5657,6
5658,3
5659,3
5660,5
5661,3
5662,4
5663,3
5664,4
5665,4
5666,3
5667,6
5668,3
5669,3
5670,6
5671,0
5672,6
5673,2
5674,0
5675,6
5676,6
5677,3
5678,2
5679,6
5680,3
5681,2
5682,3
5683,3
5684,0
5685,6
5686,5
5687,3
5688,3
5689,6
5690,6
5691,5
5692,4
5693,3
5694,4
5695,3
5696,0
5697,6
5698,3
5699,4
5700,3
5701,3
5702,5
5703,3
5704,2
5705,4
5706,0
5707,3
5708,0
5709,6
5710,2
5711,0
5712,3
5713,6
5714,1
5715,2
5716,6
5717,3
5718,0
5719,4
5720,3
5721,3
5722,3
5723,1
5724,0
5725,3
5726,3
5727,3
5728,3
5729,0
5730,5
5731,3
5732,3
5733,2
5734,6
5735,6
5736,3
5737,6
5738,0
5739,6
5740,3
5741,5
5742,2
5743,5
5744,3
5745,6
5746,6
5747,3
5748,4
5749,5
5750,4
5751,0
5752,4
5753,2
5754,3
5755,3
5756,2
5757,3
5758,6
5759,3
5760,3
5761,6
5762,2
5763,5
5764,6
5765,6
5766,4
5767,4
5768,0
5769,4
5770,3
5771,4
5772,6
5773,4
5774,3
5775,4
5776,2
5777,2
5778,3
5779,3
5780,2
5781,3
5782,2
5783,2
5784,5
5785,2
5786,4
5787,5
5788,3
5789,3
5790,5
5791,5
5792,4
5793,6
5794,6
5795,0
5796,0
5797,2
5798,4
5799,4
5800,6
5801,6
5802,6
5803,0
5804,0
5805,3
5806,2
5807,6
5808,6
5809,2
5810,3
5811,4
5812,5
5813,6
5814,6
5815,2
5816,3
5817,6
5818,3
5819,3
5820,6
5821,6
5822,3
5823,2
5824,6
5825,3
5826,6
5827,2
5828,3
5829,6
5830,6
5831,6
5832,4
5833,2
5834,6
5835,4
5836,4
5837,2
5838,3
5839,2
5840,3
5841,0
5842,6
5843,0
5844,3
5845,3
5846,0
5847,3
5848,5
5849,6
5850,4
5851,4
5852,2
5853,6
5854,6
5855,3
5856,5
5857,3
5858,3
5859,5
5860,3
5861,6
5862,3
5863,3
5864,5
5865,3
5866,4
5867,4
5868,2
5869,2
5870,0
5871,3
5872,0
5873,6
5874,5
5875,2
5876,3
5877,6
5878,3
5879,6
5880,2
5881,2
5882,2
5883,0
5884,5
5885,2
5886,4
5887,4
5888,0
5889,4
5890,3
5891,3
5892,0
5893,3
5894,6
5895,3
5896,4
5897,5
5898,4
5899,3
5900,0
5901,6
5902,5
5903,6
5904,2
5905,3
5906,0
5907,0
5908,3
5909,6
5910,6
5911,0
5912,6
5913,1
5914,0
5915,0
5916,4
5917,2
5918,0
5919,0
5920,2
5921,4
5922,0
5923,0
5924,2
5925,4
5926,6
5927,6
5928,6
5929,2
5930,4
5931,2
5932,5
5933,6
5934,0
5935,6
5936,3
5937,6
5938,5
5939,5
5940,0
5941,3
5942,6
5943,2
5944,6
5945,6
5946,5
5947,2
5948,6
5949,3
5950,2
5951,2
5952,2
5953,3
5954,6
5955,5
5956,3
5957,4
5958,4
5959,6
5960,6
5961,4
5962,6
5963,0
5964,6
5965,5
5966,2
5967,0
5968,4
5969,3
5970,4
5971,5
5972,3
5973,6
5974,3
5975,6
5976,6
5977,0
5978,1
5979,5
5980,3
5981,3
5982,6
5983,6
5984,3
5985,4
5986,3
5987,3
5988,4
5989,0
5990,0
5991,0
5992,5
5993,3
5994,3
5995,0
5996,6
5997,5
5998,4
5999,6
6000,3
6001,5
6002,5
6003,3
6004,0
6005,5
6006,6
6007,3
6008,5
6009,6
6010,0
6011,3
6012,5
6013,2
6014,5
6015,3
6016,5
6017,3
6018,6
6019,6
6020,4
6021,2
6022,6
6023,2
6024,2
6025,5
6026,2
6027,3
6028,3
6029,5
6030,6
6031,6
6032,0
6033,3
6034,5
6035,2
6036,6
6037,3
6038,3
6039,3
6040,0
6041,0
6042,4
6043,6
6044,3
6045,3
6046,5
6047,3
6048,5
6049,3
6050,3
6051,3
6052,3
6053,4
6054,6
6055,6
6056,3
6057,6
6058,5
6059,3
6060,6
6061,2
6062,3
6063,3
6064,3
6065,3
6066,6
6067,3
6068,5
6069,0
6070,2
6071,1
6072,6
6073,6
6074,3
6075,5
6076,4
6077,3
6078,2
6079,4
6080,2
6081,4
6082,3
6083,3
6084,0
6085,5
6086,4
6087,6
6088,0
6089,2
6090,6
6091,5
6092,6
6093,6
6094,6
6095,6
6096,2
6097,0
6098,0
6099,5
6100,2
6101,6
6102,2
6103,3
6104,5
6105,0
6106,3
6107,5
6108,5
6109,2
6110,6
6111,3
6112,4
6113,3
6114,4
6115,6
6116,3
6117,6
6118,4
6119,3
6120,3
6121,0
6122,6
6123,3
6124,5
6125,4
6126,6
6127,3
6128,3
6129,4
6130,6
6131,3
6132,3
6133,4
6134,5
6135,5
6136,3
6137,6
6138,3
6139,5
6140,0
6141,0
6142,4
6143,4
6144,5
6145,6
6146,3
6147,4
6148,3
6149,4
6150,2
6151,0
6152,3
6153,3
6154,2
6155,3
6156,6
6157,4
6158,3
6159,6
6160,3
6161,6
6162,3
6163,5
6164,6
6165,3
6166,6
6167,2
6168,0
6169,5
6170,5
6171,3
6172,5
6173,3
6174,3
6175,3
6176,0
6177,4
6178,4
6179,3
6180,6
6181,3
6182,4
6183,6
6184,3
6185,4
6186,4
6187,6
6188,2
6189,5
6190,0
6191,3
6192,3
6193,2
6194,6
6195,5
6196,4
6197,6
6198,2
6199,5
6200,3
6201,6
6202,6
6203,4
6204,4
6205,3
6206,6
6207,5
6208,4
6209,2
6210,4
6211,4
6212,3
6213,3
6214,5
6215,6
6216,2
6217,5
6218,6
6219,3
6220,5
6221,6
6222,3
6223,6
6224,5
6225,6
6226,6
6227,3
6228,6
6229,4
6230,5
6231,4
6232,3
6233,4
6234,6
6235,0
6236,2
6237,4
6238,1
6239,0
6240,0
6241,6
6242,3
6243,3
6244,4
6245,3
6246,0
6247,5
6248,5
6249,1
6250,5
6251,0
6252,3
6253,6
6254,4
6255,0
6256,3
6257,4
6258,0
6259,2
6260,3
6261,0
6262,3
6263,6
6264,3
6265,6
6266,3
6267,5
6268,6
6269,4
6270,6
6271,6
6272,2
6273,4
6274,4
6275,5
6276,6
6277,5
6278,2
6279,2
6280,6
6281,5
6282,0
6283,6
6284,6
6285,6
6286,3
6287,6
6288,2
6289,4
6290,3
6291,0
6292,2
6293,5
6294,5
6295,4
6296,0
6297,4
6298,3
6299,4
6300,0
6301,4
6302,6
6303,0
6304,4
6305,6
6306,1
6307,5
6308,6
6309,4
6310,4
6311,0
6312,4
6313,2
6314,4
6315,6
6316,6
6317,4
6318,3
6319,4
6320,0
6321,6
6322,0
6323,6
6324,0
6325,6
6326,3
6327,6
6328,2
6329,2
6330,4
6331,0
6332,2
6333,3
6334,4
6335,2
6336,0
6337,4
6338,6
6339,1
6340,5
6341,5
6342,4
6343,6
6344,0
6345,3
6346,2
6347,4
6348,3
6349,3
6350,0
6351,5
6352,0
6353,3
6354,5
6355,4
6356,3
6357,6
6358,3
6359,4
6360,1
6361,6
6362,0
6363,6
6364,0
6365,3
6366,6
6367,5
6368,6
6369,6
6370,3
6371,0
6372,2
6373,2
6374,5
6375,6
6376,0
6377,3
6378,5
6379,4
6380,3
6381,3
6382,4
6383,0
6384,0
6385,5
6386,2
6387,5
6388,4
6389,4
6390,4
6391,0
6392,4
6393,2
6394,3
6395,6
6396,4
6397,4
6398,4
6399,6
6400,6
6401,4
6402,2
6403,6
6404,0
6405,0
6406,0
6407,4
6408,3
6409,5
6410,1
6411,5
6412,6
6413,4
6414,6
6415,4
6416,6
6417,6
6418,6
6419,0
6420,6
6421,5
6422,2
6423,5
6424,3
6425,3
6426,4
6427,6
6428,2
6429,5
6430,3
6431,6
6432,3
6433,3
6434,0
6435,5
6436,0
6437,0
6438,3
6439,2
6440,0
6441,5
6442,2
6443,5
6444,3
6445,5
6446,6
6447,2
6448,6
6449,4
6450,3
6451,6
6452,6
6453,6
6454,3
6455,5
6456,0
6457,2
6458,6
6459,0
6460,6
6461,5
6462,3
6463,3
6464,4
6465,5
6466,5
6467,4
6468,3
6469,3
6470,4
6471,4
6472,3
6473,3
6474,4
6475,2
6476,2
6477,4
6478,6
6479,2
6480,4
6481,0
6482,6
6483,3
6484,0
6485,6
6486,4
6487,5
6488,3
6489,2
6490,3
6491,3
6492,5
6493,2
6494,3
6495,0
6496,4
6497,3
6498,2
6499,6
6500,3
6501,0
6502,5
6503,5
6504,3
6505,4
6506,3
6507,6
6508,4
6509,4
6510,5
6511,6
6512,5
6513,3
6514,2
6515,6
6516,6
6517,6
6518,5
6519,0
6520,6
6521,5
6522,6
6523,6
6524,6
6525,2
6526,6
6527,0
6528,5
6529,5
6530,3
6531,4
6532,6
6533,3
6534,0
6535,2
6536,0
6537,5
6538,5
6539,0
6540,5
6541,2
6542,2
6543,3
6544,3
6545,6
6546,0
6547,3
6548,2
6549,3
6550,2
6551,4
6552,6
6553,6
6554,2
6555,5
6556,3
6557,2
6558,0
6559,4
6560,6
6561,0
6562,0
6563,0
6564,6
6565,5
6566,0
6567,5
6568,3
6569,0
6570,6
6571,5
6572,5
6573,3
6574,3
6575,4
6576,5
6577,4
6578,3
6579,5
6580,5
6581,6
6582,3
6583,0
6584,3
6585,0
6586,3
6587,1
6588,6
6589,3
6590,3
6591,3
6592,3
6593,4
6594,4
6595,3
6596,5
6597,6
6598,4
6599,3
6600,6
6601,3
6602,6
6603,1
6604,0
6605,6
6606,2
6607,5
6608,2
6609,2
6610,2
6611,3
6612,3
6613,2
6614,2
6615,3
6616,4
6617,0
6618,0
6619,4
6620,2
6621,2
6622,4
6623,0
6624,5
6625,4
6626,4
6627,0
6628,4
6629,4
6630,3
6631,3
6632,6
6633,3
6634,3
6635,6
6636,2
6637,3
6638,0
6639,2
6640,5
6641,0
6642,5
6643,4
6644,2
6645,5
6646,5
6647,6
6648,2
6649,3
6650,6
6651,2
6652,3
6653,2
6654,2
6655,3
6656,6
6657,6
6658,3
6659,0
6660,3
6661,3
6662,3
6663,3
6664,6
6665,6
6666,3
6667,1
6668,3
6669,6
6670,2
6671,4
6672,3
6673,6
6674,6
6675,5
6676,5
6677,4
6678,5
6679,5
6680,3
6681,5
6682,1
6683,6
6684,4
6685,6
6686,6
6687,4
6688,4
6689,6
6690,3
6691,6
6692,4
6693,2
6694,3
6695,3
6696,6
6697,0
6698,0
6699,6
6700,1
6701,4
6702,4
6703,3
6704,2
6705,6
6706,6
6707,6
6708,6
6709,6
6710,3
6711,3
6712,3
6713,3
6714,6
6715,3
6716,0
6717,3
6718,4
6719,3
6720,0
6721,6
6722,4
6723,6
6724,5
6725,2
6726,3
6727,6
6728,4
6729,4
6730,2
6731,3
6732,4
6733,6
6734,3
6735,0
6736,5
6737,6
6738,0
6739,4
6740,4
6741,6
6742,4
6743,3
6744,2
6745,3
6746,4
6747,0
6748,4
6749,2
6750,3
6751,4
6752,5
6753,4
6754,4
6755,0
6756,5
6757,0
6758,1
6759,5
6760,6
6761,0
6762,5
6763,6
6764,3
6765,3
6766,2
6767,6
6768,6
6769,6
6770,3
6771,2
6772,3
6773,4
6774,4
6775,6
6776,6
6777,4
6778,6
6779,4
6780,0
6781,4
6782,2
6783,6
6784,4
6785,6
6786,2
6787,6
6788,3
6789,5
6790,3
6791,0
6792,3
6793,0
6794,6
6795,4
6796,5
6797,2
6798,6
6799,3
6800,4
6801,6
6802,5
6803,4
6804,2
6805,0
6806,5
6807,2
6808,3
6809,6
6810,6
6811,6
6812,3
6813,6
6814,4
6815,5
6816,6
6817,3
6818,0
6819,5
6820,3
6821,2
6822,5
6823,4
6824,4
6825,0
6826,6
6827,3
6828,4
6829,5
6830,0
6831,5
6832,2
6833,0
6834,2
6835,6
6836,3
6837,6
6838,3
6839,3
6840,4
6841,4
6842,4
6843,4
6844,6
6845,0
6846,3
6847,4
6848,4
6849,4
6850,5
6851,0
6852,4
6853,2
6854,4
6855,3
6856,4
6857,3
6858,4
6859,5
6860,0
6861,5
6862,2
6863,3
6864,4
6865,4
6866,4
6867,6
6868,4
6869,3
6870,3
6871,1
6872,6
6873,3
6874,0
6875,4
6876,0
6877,5
6878,3
6879,6
6880,3
6881,3
6882,4
6883,5
6884,4
6885,4
6886,6
6887,3
6888,4
6889,3
6890,4
6891,4
6892,5
6893,3
6894,3
6895,3
6896,6
6897,6
6898,0
6899,6
6900,0
6901,0
6902,0
6903,4
6904,3
6905,6
6906,2
6907,5
6908,4
6909,0
6910,0
6911,6
6912,2
6913,5
6914,6
6915,0
6916,3
6917,6
6918,3
6919,6
6920,2
6921,4
6922,6
6923,3
6924,2
6925,6
6926,3
6927,5
6928,3
6929,3
6930,6
6931,6
6932,6
6933,6
6934,5
6935,3
6936,0
6937,3
6938,2
6939,0
6940,3
6941,6
6942,0
6943,6
6944,4
6945,4
6946,4
6947,4
6948,4
6949,5
6950,4
6951,2
6952,4
6953,5
6954,4
6955,3
6956,0
6957,5
6958,2
6959,4
6960,4
6961,6
6962,4
6963,0
6964,6
6965,6
6966,3
6967,3
6968,3
6969,6
6970,6
6971,6
6972,0
6973,0
6974,2
6975,5
6976,3
6977,6
6978,5
6979,5
6980,2
6981,2
6982,4
6983,6
6984,1
6985,5
6986,5
6987,4
6988,2
6989,3
6990,4
6991,0
6992,3
6993,3
6994,4
6995,6
6996,6
6997,4
6998,3
6999,0
7000,0
7001,0
7002,6
7003,5
7004,3
7005,4
7006,3
7007,6
7008,6
7009,2
7010,3
7011,4
7012,0
7013,4
7014,4
7015,3
7016,6
7017,2
7018,4
7019,6
7020,4
7021,2
7022,0
7023,4
7024,3
7025,3
7026,4
7027,6
7028,3
7029,5
7030,3
7031,6
7032,6
7033,4
7034,3
7035,2
7036,2
7037,6
7038,1
7039,6
7040,3
7041,5
7042,1
7043,2
7044,4
7045,6
7046,6
7047,4
7048,5
7049,3
7050,3
7051,2
7052,4
7053,3
7054,0
7055,6
7056,6
7057,2
7058,3
7059,4
7060,3
7061,3
7062,3
7063,5
7064,0
7065,0
7066,5
7067,0
7068,2
7069,0
7070,4
7071,1
7072,6
7073,2
7074,6
7075,4
7076,5
7077,1
7078,3
7079,0
7080,6
7081,5
7082,2
7083,3
7084,4
7085,3
7086,3
7087,2
7088,6
7089,5
7090,0
7091,2
7092,3
7093,6
7094,3
7095,3
7096,0
7097,6
7098,6
7099,4
7100,0
7101,4
7102,6
7103,6
7104,6
7105,3
7106,2
7107,3
7108,0
7109,2
7110,4
7111,0
7112,6
7113,4
7114,6
7115,3
7116,2
7117,2
7118,6
7119,5
7120,5
7121,4
7122,5
7123,4
7124,5
7125,3
7126,2
7127,3
7128,3
7129,2
7130,0
7131,6
7132,5
7133,6
7134,3
7135,4
7136,4
7137,3
7138,0
7139,2
7140,0
7141,3
7142,6
7143,0
7144,2
7145,6
7146,3
7147,3
7148,5
7149,4
7150,0
7151,3
7152,6
7153,6
7154,5
7155,4
7156,3
7157,6
7158,3
7159,3
7160,3
7161,0
7162,4
7163,6
7164,4
7165,5
7166,5
7167,3
7168,2
7169,4
7170,4
7171,5
7172,0
7173,6
7174,3
7175,6
7176,3
7177,4
